﻿pos_x,pos_y,rotation,side,designator,mpn,pack,footprint,value,mount_type
120.907242,-73.172889,90.0,bottom,D1,,,D_DO-35_SOD27_P7.62mm_Horizontal,1N4148,tht
149.482242,-67.526639,180.0,bottom,D10,,,LED_SK6812MINI_PLCC4_3.5x3.5mm_P1.75mm,SK6812MINI,smt
130.432242,-86.576639,0.0,bottom,D11,,,LED_SK6812MINI_PLCC4_3.5x3.5mm_P1.75mm,SK6812MINI,smt
149.482242,-86.576639,0.0,bottom,D12,,,LED_SK6812MINI_PLCC4_3.5x3.5mm_P1.75mm,SK6812MINI,smt
168.532242,-86.576639,0.0,bottom,D13,,,LED_SK6812MINI_PLCC4_3.5x3.5mm_P1.75mm,SK6812MINI,smt
130.432242,-105.626639,180.0,bottom,D14,,,LED_SK6812MINI_PLCC4_3.5x3.5mm_P1.75mm,SK6812MINI,smt
149.482242,-105.626639,180.0,bottom,D15,,,LED_SK6812MINI_PLCC4_3.5x3.5mm_P1.75mm,SK6812MINI,smt
168.532242,-105.626639,180.0,bottom,D16,,,LED_SK6812MINI_PLCC4_3.5x3.5mm_P1.75mm,SK6812MINI,smt
104.869742,-75.545389,90.0,bottom,D17,,,LED_SK6812MINI_PLCC4_3.5x3.5mm_P1.75mm,SK6812MINI,smt
98.600992,-85.945389,90.0,bottom,D18,,,LED_SK6812MINI_PLCC4_3.5x3.5mm_P1.75mm,SK6812MINI,smt
106.619742,-96.101639,90.0,bottom,D19,,,LED_SK6812MINI_PLCC4_3.5x3.5mm_P1.75mm,SK6812MINI,smt
139.957242,-73.172889,90.0,bottom,D2,,,D_DO-35_SOD27_P7.62mm_Horizontal,1N4148,tht
94.713492,-107.132889,90.0,bottom,D20,,,LED_SK6812MINI_PLCC4_3.5x3.5mm_P1.75mm,SK6812MINI,smt
159.007242,-73.172889,90.0,bottom,D3,,,D_DO-35_SOD27_P7.62mm_Horizontal,1N4148,tht
120.907242,-87.460389,90.0,bottom,D4,,,D_DO-35_SOD27_P7.62mm_Horizontal,1N4148,tht
139.957242,-87.460389,90.0,bottom,D5,,,D_DO-35_SOD27_P7.62mm_Horizontal,1N4148,tht
159.007242,-87.460389,90.0,bottom,D6,,,D_DO-35_SOD27_P7.62mm_Horizontal,1N4148,tht
120.907242,-106.510389,90.0,bottom,D7,,,D_DO-35_SOD27_P7.62mm_Horizontal,1N4148,tht
139.957242,-106.510389,90.0,bottom,D8,,,D_DO-35_SOD27_P7.62mm_Horizontal,1N4148,tht
159.007242,-106.510389,90.0,bottom,D9,,,D_DO-35_SOD27_P7.62mm_Horizontal,1N4148,tht
152.022242,-58.091639,0.0,top,S2,,,SW_Cherry_MX_1.00u_PCB,~,tht
133.017242,-77.096639,0.0,top,S4,,,SW_Cherry_MX_1.00u_PCB,~,tht
152.022242,-77.096639,0.0,top,S5,,,SW_Cherry_MX_1.00u_PCB,~,tht
171.027242,-77.096639,0.0,top,S6,,,SW_Cherry_MX_1.00u_PCB,~,tht
133.017242,-96.101639,0.0,top,S7,,,SW_Cherry_MX_1.00u_PCB,~,tht
152.022242,-96.101639,0.0,top,S8,,,SW_Cherry_MX_1.00u_PCB,~,tht
171.027242,-96.101639,0.0,top,S9,,,SW_Cherry_MX_1.00u_PCB,~,tht
132.932242,-55.621639,-90.0,top,SW1,,,RotaryEncoder_Alps_EC11E-Switch_Vertical_H20mm,RotaryEncoder_Switch,tht
171.05,-55.67625,-90.0,top,SW3,,,RotaryEncoder_Alps_EC11E-Switch_Vertical_H20mm,RotaryEncoder_Switch,tht
104.714742,-59.030389,90.0,top,U1,,,XIAO-MG24-DIP,MCU_Seeed_XIAO_RP2040,smt
