﻿Designator,Quantity,Value,Footprint,Package,MPN,DNP,Mount_Type,Description,Sim.Device,Sim.Pins
"D1, D2, D3, D4, D5, D6, D7, D8, D9",9,1N4148,D_DO-35_SOD27_P7.62mm_Horizontal,,,,tht,"100V 0.15A standard switching diode, DO-35",D,1=K 2=A
"D10, D11, D12, D13, D14, D15, D16, D17, D18, D19, D20",11,SK6812MINI,LED_SK6812MINI_PLCC4_3.5x3.5mm_P1.75mm,,,,smt,RGB LED with integrated controller,,
"S2, S4, S5, S6, S7, S8, S9",7,~,SW_Cherry_MX_1.00u_PCB,,,,tht,,,
"SW1, SW3",2,RotaryEncoder_Switch,RotaryEncoder_Alps_EC11E-Switch_Vertical_H20mm,,,,tht,"Rotary encoder, dual channel, incremental quadrate outputs, with switch",,
U1,1,MCU_Seeed_XIAO_RP2040,XIAO-MG24-DIP,,,,smt,,,
